Date,Open,High,Low,Close,Volume
2014-01-02,23.71153323,23.80948154,23.36057576,23.69897586,1199668
2014-01-03,23.50990455,23.7286344,23.07912304,23.13471453,2690361
2014-01-06,22.98566997,23.28397515,22.75746279,23.05410577,1664265
2014-01-07,22.9050185,23.20312802,22.83787785,23.09441015,2761792
2014-01-08,22.74371555,23.16270445,22.63684019,23.05410577,2127415
2014-01-09,22.94534423,23.12228088,22.67704773,22.7719751,2250997
2014-01-10,22.86469276,23.16270445,22.75746279,23.05410577,752479
2014-01-13,23.22762439,23.32439872,22.75746279,23.01380138,1402490
2014-01-14,22.78404129,23.08185731,22.71725526,22.85258386,1451666
2014-01-15,23.02599571,23.08185731,22.55642513,22.69136634,2487995
2014-01-16,22.98566997,23.04143375,22.5162176,22.73167072,2230351
2014-01-17,22.70338981,22.92016304,22.5162176,22.65106196,2973918
2014-01-20,22.62273834,22.83931591,22.39559501,22.53014882,1393312
2014-01-21,22.70338981,22.92016304,22.5162176,22.7719751,615078
2014-01-22,22.66306407,23.04143375,22.59663266,22.7719751,1017051
2014-01-23,22.94534423,23.24355159,22.59663266,22.81227948,1543677
2014-01-24,22.70338981,22.83931591,22.43580254,22.5704532,2187500
2014-01-27,22.17915523,22.5967745,22.11414229,22.48984444,3615548
2014-01-28,22.54208686,22.5967745,21.99351969,22.08680063,4902909
2014-01-29,22.21948097,22.51592736,22.15434982,22.36893129,3117544
2014-01-30,22.01785229,22.39465666,21.7522745,22.08680063,4297282
2014-02-04,21.69524639,22.19253882,21.63165191,21.80466996,3854671
2014-02-05,21.85654934,22.11169168,21.55123685,21.60314806,3207128
2014-02-06,21.41296623,22.07126811,21.35019919,21.7240612,2014495
2014-02-07,21.61459492,22.19253882,21.55123685,21.96588749,2740104
2014-02-10,21.89687508,21.94999741,21.55123685,21.76436558,3056888
2014-02-11,21.89687508,21.99042098,21.63165191,21.80466996,2066729
2014-02-12,21.89687508,22.39465666,21.7522745,22.20771377,3629405
2014-02-13,22.34045818,22.39465666,21.7522745,21.96588749,2849099
2014-02-14,22.1388295,22.23296239,21.8728971,22.00619187,1625539
2014-02-17,22.1388295,22.27338595,21.99351969,22.16740939,1978935
2014-02-18,22.05817802,22.51592736,21.95331216,22.44954005,2344746
2014-02-19,22.42110965,22.63719807,22.19455735,22.53014882,2670775
2014-02-20,22.38078392,22.5967745,22.19455735,22.28832253,2753972
2014-02-21,22.54208686,22.5967745,22.19455735,22.32862691,1537783
2014-02-24,22.38078392,22.43508023,22.07393475,22.24801815,1614052
2014-02-25,22.34045818,22.43508023,21.79248203,21.88527872,3459887
2014-02-26,22.05817802,22.5967745,21.95331216,22.32862691,2450754
2014-02-27,22.42110965,22.87973947,22.15434982,22.73167072,2437648
2014-02-28,22.70338981,22.87973947,22.39559501,22.7719751,1611676
2014-03-03,22.5824126,22.63719807,22.31517994,22.40923567,1344624
2014-03-04,22.42110965,22.92016304,22.35538747,22.73167072,2074373
2014-03-05,22.9050185,22.96058661,22.19455735,22.32862691,1677004
2014-03-06,22.30013244,22.5967745,22.11414229,22.16740939,2167877
2014-03-07,22.34045818,22.79889234,22.19455735,22.65106196,1781131
2014-03-10,22.62273834,22.79889234,22.19455735,22.44954005,2262608
2014-03-11,22.30013244,22.63719807,22.23476488,22.53014882,1374221
2014-03-12,22.5824126,22.75846877,22.43580254,22.48984444,3342548
2014-03-13,22.66306407,22.79889234,22.39559501,22.5704532,2763191
2014-03-14,22.74371555,22.79889234,22.27497241,22.36893129,4449984
2014-03-17,22.34045818,22.5967745,22.27497241,22.40923567,1888213
2014-03-18,22.46143539,22.5967745,22.31517994,22.40923567,1715096
2014-03-19,22.38078392,22.51592736,22.23476488,22.44954005,1768761
2014-03-20,22.50176113,22.55635093,22.07393475,22.24801815,2118585
2014-03-21,22.30013244,22.63719807,22.07393475,22.40923567,2228570
2014-03-24,22.62273834,22.67762163,22.27497241,22.53014882,1982303
2014-03-25,22.54208686,22.79889234,22.31517994,22.65106196,1482042
2014-03-26,22.70338981,22.96058661,22.5162176,22.73167072,1571113
2014-03-27,22.74371555,22.96058661,22.55642513,22.69136634,1939408
2014-03-28,22.86469276,23.04143375,22.63684019,22.89288824,1080056
2014-03-31,23.06632144,23.32439872,22.83787785,23.13471453,2202757
2014-04-01,23.26795013,23.48609299,22.99870798,23.37654081,1788390
2014-04-02,23.26795013,23.52651656,23.1595381,23.29593205,1519394
2014-04-03,23.55023028,23.68821083,23.2801607,23.45714957,1408344
2014-04-04,23.63088176,23.68821083,23.23995317,23.53775833,1651877
2014-04-07,23.46957881,23.64778727,23.03891551,23.25562767,1041631
2014-04-08,23.3486016,23.52651656,23.2801607,23.41684519,1965135
2014-04-09,23.46957881,23.68821083,23.32036823,23.45714957,2426776
2014-04-10,23.59055602,23.93075224,23.32036823,23.77958462,2466886
2014-04-11,23.87283618,24.17329365,23.68223601,24.0214109,2369472
2014-04-14,24.03413913,24.21371722,23.64202848,23.98110652,1756637
2014-04-15,23.95348765,24.09244651,23.72244354,23.90049776,1881266
2014-04-16,23.83251044,23.89032867,23.40078329,23.49745395,1723697
2014-04-17,23.50990455,23.68821083,23.19974563,23.53775833,1135806
2014-04-22,23.55023028,23.93075224,23.32036823,23.77958462,2392814
2014-04-23,23.87283618,23.97117581,23.48119835,23.69897586,1883288
2014-04-24,23.83251044,24.01159938,23.64202848,23.77958462,1542786
2014-04-25,23.83251044,23.93075224,23.32036823,23.45714957,1370614
2014-04-28,23.63088176,23.68821083,23.36057576,23.49745395,898500
2014-04-29,23.50990455,23.93075224,23.32036823,23.86019338,1470257
2014-04-30,23.87283618,24.01159938,23.44099082,23.65867148,2332736
2014-05-02,23.7921847,23.84990511,23.32036823,23.57806271,2017427
2014-05-05,23.55023028,23.7286344,23.32036823,23.53775833,1445567
2014-05-07,23.46957881,23.68821083,22.99870798,23.53775833,2848257
2014-05-08,23.67120749,23.7286344,23.11933057,23.17501891,2089217
2014-05-09,23.22762439,23.44566943,22.99870798,23.29593205,1501760
2014-05-12,23.52603484,24.10861594,23.45707384,23.87631513,4156698
2014-05-13,23.98004604,24.10861594,23.78629592,23.95878945,2277403
2014-05-14,23.9387723,24.06726325,23.58053212,24.00002661,1683667
2014-05-15,23.8562248,23.90185251,23.53937936,23.75260365,2698809
2014-05-16,23.56730859,23.77779445,23.45707384,23.58765502,1151474
2014-05-19,23.69112982,23.81914714,23.33361555,23.54641786,1088952
2014-05-20,23.64985608,23.77779445,23.41592107,23.7113665,1297861
2014-05-21,23.69112982,23.77779445,23.29246279,23.46394354,2244327
2014-05-22,23.44348735,23.69508908,23.37476831,23.54641786,1352771
2014-05-23,23.60858233,23.81914714,23.37476831,23.62889218,1533003
2014-05-26,23.69112982,23.98455788,23.41592107,23.79384081,1313306
2014-05-27,23.89749855,24.10861594,23.62168488,23.91755229,1401923
2014-05-28,24.22768851,24.27402668,23.86860145,24.08250093,2119051
2014-05-29,24.18641477,24.31537937,23.95090697,24.24744956,2118069
2014-05-30,24.310236,24.39808474,23.90975421,24.12373809,1962792
2014-06-03,24.47533098,24.5221428,24.15667077,24.28868672,3410859
2014-06-04,24.47533098,24.56349549,24.19782354,24.49487252,2281235
2014-06-05,24.43405724,24.48079011,24.11551801,24.28868672,781613
2014-06-06,24.39278349,24.43943743,23.95090697,24.12373809,1846507
2014-06-09,24.26896226,24.31537937,24.03321249,24.24744956,775216
2014-06-10,24.310236,24.43943743,24.03321249,24.37116104,1858292
2014-06-11,24.18641477,24.31537937,23.82744869,24.00002661,1968913
2014-06-12,23.9387723,24.14996863,23.74514316,23.95878945,1100883
2014-06-13,23.98004604,24.35673206,23.82744869,24.28868672,1904503
2014-06-16,24.310236,24.35673206,23.90975421,24.28868672,1920159
2014-06-17,24.35150975,24.39808474,24.03321249,24.24744956,1585569
2014-06-18,24.14514102,24.35673206,23.95090697,24.16497525,2211924
2014-06-19,24.22768851,24.27402668,23.95090697,24.04126377,1676668
2014-06-20,23.98004604,24.39808474,23.90975421,24.32992388,2191311
2014-06-23,24.22768851,24.60484817,23.7039904,23.79384081,2802070
2014-06-24,23.9387723,24.10861594,23.78629592,24.04126377,755050
2014-06-25,23.81495106,24.27402668,23.74514316,24.08250093,1379555
2014-06-26,24.14514102,24.56349549,23.74514316,24.45363536,2912407
2014-06-27,24.43405724,24.60484817,24.32128182,24.53610968,1911900
2014-06-30,24.51660473,24.72890623,24.15667077,24.65982116,3029271
2014-07-02,24.51660473,24.8116116,24.4447401,24.74229547,3533936
2014-07-03,24.7642472,24.8116116,24.48589286,24.70105831,1122380
2014-07-04,24.68169971,24.77025892,24.32128182,24.4123982,1125513
2014-07-07,24.47533098,24.72890623,24.32128182,24.618584,903842
2014-07-08,24.7642472,24.8116116,24.48589286,24.57734684,1160474
2014-07-09,24.68169971,24.72890623,24.07436525,24.16497525,1938038
2014-07-10,24.43405724,24.5221428,24.15667077,24.32992388,1292496
2014-07-11,24.18641477,24.56349549,24.11551801,24.4123982,1749179
2014-07-14,24.43405724,24.72890623,24.28012906,24.4123982,1404601
2014-07-15,24.43405724,24.72890623,24.36243458,24.618584,1610772
2014-07-16,24.59915222,24.64620086,24.32128182,24.45363536,450977
2014-07-17,24.310236,24.72890623,24.19782354,24.57734684,2201906
2014-07-18,24.43405724,24.60484817,24.28012906,24.37116104,1453317
2014-07-21,24.47533098,24.68755354,24.36243458,24.53610968,1324460
2014-07-22,24.59915222,24.8116116,24.28012906,24.65982116,2388353
2014-07-23,24.59915222,24.97702235,24.52704562,24.78353263,4652835
2014-07-24,25.17698466,25.22513846,24.69165667,24.98971843,2197733
2014-07-25,24.80552095,25.1010804,24.56819839,24.94848127,2540616
2014-07-28,25.01188967,25.05972772,24.69165667,24.74229547,1798643
2014-07-29,24.80552095,24.89431697,24.56819839,24.82476979,2300016
2014-07-30,24.80552095,25.59731264,24.73280943,25.5258015,6036079
2014-07-31,25.50717462,25.55595995,25.10318428,25.19590422,2989923
2014-08-01,25.42462713,25.47325458,24.979726,25.19590422,1616083
2014-08-04,25.30080589,25.34919652,24.93857324,25.11342991,1194534
2014-08-05,25.09443716,25.18378578,24.81511495,24.98971843,1614327
2014-08-06,24.97061593,25.22513846,24.89742047,25.03095559,1189833
2014-08-07,25.09443716,25.30784383,24.85626771,24.94848127,1371523
2014-08-08,24.80552095,25.1010804,24.73280943,24.98971843,2023393
2014-08-11,25.13571091,25.22513846,24.77396219,25.07219275,1417579
2014-08-12,25.05316342,25.22513846,24.93857324,25.07219275,1272968
2014-08-13,25.13571091,25.47325458,25.02087876,25.40209002,1587293
2014-08-14,25.38335338,25.63866532,25.10318428,25.3196157,3140183
2014-08-15,25.38335338,25.55595995,25.26779532,25.36085286,1113881
2014-08-18,25.38335338,25.51460727,25.1854898,25.3196157,940208
2014-08-19,25.42462713,25.59731264,25.22664256,25.5258015,1667466
2014-08-20,25.50717462,25.96948681,25.39125361,25.85569877,3277514
2014-08-21,25.96118582,26.0108395,25.35010085,25.73198729,1612263
2014-08-22,25.83736458,26.17625024,25.35010085,25.81446161,2607648
2014-08-25,26.08500705,26.71383516,25.59701741,26.14435888,3149743
2014-08-26,26.00245956,26.13489756,25.67932294,26.06188457,3291846
2014-08-27,26.04373331,26.09354487,25.39125361,25.56703866,2287452
2014-08-28,25.58972211,25.63866532,25.22664256,25.36085286,3103836
2014-08-29,25.17698466,25.47325458,25.10318428,25.23714138,3178064
2014-09-01,25.25953215,25.84542875,25.14433704,25.77322445,2672355
2014-09-02,25.83736458,25.88678144,25.35010085,25.48456434,1762079
2014-09-03,25.54844836,26.13489756,25.47355913,26.06188457,3111186
2014-09-04,26.08500705,26.42436636,25.76162846,26.35054468,2686359
2014-09-05,26.1262808,26.63112979,26.00854502,26.55673047,3128357
2014-09-08,26.54230438,26.58945353,26.13298782,26.3073715,1531387
2014-09-10,26.20948551,26.29771971,25.84262129,26.09957236,2570912
2014-09-11,26.16788316,26.71448231,25.96706409,26.22425185,1783231
2014-09-12,26.20948551,26.33939597,25.80114036,26.05801253,1626883
2014-09-15,26.00147372,26.08933841,25.63521663,25.76709373,1259970
2014-09-16,25.21102892,26.29771971,25.13744543,26.18269202,1615117
2014-09-17,26.33429259,26.67280605,26.13298782,26.5982903,3960119
2014-09-18,26.62550909,26.67280605,26.05002596,26.18269202,2462311
2014-09-19,26.25108787,26.29771971,25.84262129,25.97489287,4190505
2014-09-22,25.95987137,26.13101467,25.71817849,26.0164527,1196315
2014-09-23,26.04307608,26.25604345,25.84262129,25.93333305,1262380
2014-09-24,26.16788316,26.25604345,25.84262129,26.14113219,1515538
2014-09-25,26.54230438,26.58945353,25.88410222,26.09957236,1716971
2014-09-26,26.04307608,26.58945353,25.96706409,26.51517065,2312808
2014-09-29,26.08467844,26.21436719,25.0959645,25.64241425,5826968
2014-09-30,26.00147372,26.04766215,24.9715217,25.30993562,4854314
2014-10-03,24.96141478,26.17269093,24.8470789,25.89177322,6323513
2014-10-06,25.79346193,25.83928086,25.42781196,25.76709373,3293408
2014-10-07,25.46064307,26.08933841,25.38633103,25.89177322,2305742
2014-10-08,25.79346193,26.46442475,25.67669756,25.97489287,1941233
2014-10-09,25.87666665,26.04766215,25.59373569,25.7255339,3448819
2014-10-10,25.54384779,25.7976046,25.30336916,25.47617493,2570721
2014-10-13,25.46064307,25.7976046,25.30336916,25.7255339,2397204
2014-10-14,25.6270525,25.83928086,25.30336916,25.39305527,2111242
2014-10-15,25.46064307,25.92263338,25.3448501,25.55929459,2371038
2014-10-16,25.54384779,25.63089956,25.30336916,25.35149545,1949927
2014-10-17,25.54384779,25.63089956,25.17892636,25.30993562,1878637
2014-10-20,25.54384779,25.67257582,25.01300263,25.10213647,3168918
2014-10-21,25.25263128,25.5892233,24.9715217,25.1436963,2904422
2014-10-22,25.37743836,25.92263338,25.26188823,25.80865356,2658515
2014-10-23,25.83506429,25.92263338,25.51077383,25.80865356,2863171
2014-10-24,25.79346193,25.83928086,25.38633103,25.7255339,1309859
2014-10-27,25.83506429,25.88095712,25.3448501,25.39305527,1886256
2014-10-28,25.58545014,25.96430964,25.3448501,25.89177322,2286181
2014-10-29,25.87666665,26.21436719,25.55225476,26.05801253,3941819
2014-10-30,26.1262808,26.25604345,25.80114036,25.93333305,2595587
2014-10-31,26.20948551,26.42274849,25.88410222,26.26581167,2658054
2014-11-03,26.33429259,26.38107223,25.80114036,25.97489287,1653320
2014-11-04,26.04307608,26.08933841,25.67669756,25.93333305,3871612
2014-11-05,25.95987137,26.0059859,25.3448501,25.55929459,3282423
2014-11-06,25.58545014,25.71425208,25.3448501,25.39305527,2096800
2014-11-07,25.58545014,25.71425208,25.30336916,25.51773476,2512661
2014-11-10,25.79346193,26.0059859,25.38633103,25.51773476,3636722
2014-11-11,25.6270525,25.92263338,25.42781196,25.76709373,2714884
2014-11-12,25.79346193,26.17269093,25.55225476,26.05801253,2519013
2014-11-13,26.00147372,26.13101467,25.71817849,25.97489287,2432775
2014-11-14,25.95987137,26.50610101,25.80114036,26.39049116,2562466
2014-11-17,26.54230438,26.63112979,26.13298782,26.18269202,2416407
2014-11-18,26.70871381,26.75615857,25.84262129,25.97489287,2745611
2014-11-19,26.50070202,26.54777727,25.84262129,25.93333305,1251290
2014-11-20,26.16788316,26.21436719,25.75965943,25.93333305,1470703
2014-11-21,25.91826901,26.13101467,25.71817849,25.76709373,1331696
2014-11-24,26.1262808,26.17269093,25.71817849,25.80865356,2208954
2014-11-25,26.04307608,26.33939597,25.92558316,26.18269202,2825343
2014-11-26,25.95987137,26.33939597,25.84262129,26.26581167,2434949
2014-11-27,26.54230438,26.58945353,25.80114036,25.97489287,2338640
2014-11-28,26.08467844,26.17269093,25.80114036,25.85021339,1508189
2014-12-01,25.91826901,25.96430964,25.38633103,25.51773476,3489117
2014-12-02,25.75185958,25.96430964,25.38633103,25.85021339,2612093
2014-12-03,26.04307608,26.08933841,25.38633103,25.55929459,1844176
2014-12-04,25.79346193,25.83928086,25.30336916,25.68397407,3792213
2014-12-05,25.71025722,26.04766215,25.46929289,25.89177322,3891582
2014-12-08,25.91826901,26.08933841,25.75965943,26.0164527,1790904
2014-12-09,25.79346193,26.0059859,25.67669756,25.89177322,3916331
2014-12-10,25.79346193,26.0059859,25.71817849,25.93333305,2494847
2014-12-11,25.91826901,26.0059859,25.67669756,25.85021339,2105148
2014-12-12,25.95987137,26.38107223,25.84262129,26.3073715,3704044
2014-12-15,25.87666665,26.25604345,25.80114036,25.97489287,1454577
2014-12-16,25.91826901,26.25604345,25.75965943,25.93333305,4386642
2014-12-17,25.87666665,26.13101467,25.71817849,25.85021339,2279389
2014-12-18,25.79346193,25.92263338,25.51077383,25.76709373,2774018
2014-12-19,25.66865486,26.17269093,25.59373569,26.09957236,2030707
2014-12-22,25.83506429,26.46442475,25.75965943,26.34893133,3025731
2014-12-23,26.20948551,26.42274849,26.05002596,26.26581167,2343221
2014-12-24,26.20948551,26.50610101,26.05002596,26.39049116,624123
2014-12-29,26.20948551,26.75615857,26.13298782,26.5982903,2681419
2014-12-30,26.62550909,26.9228636,26.50631622,26.68140996,2422426
2014-12-31,26.79191853,26.83951108,26.38187342,26.43205099,1528936
2015-01-02,26.45909966,26.63112979,26.34039249,26.55673047,1231870
2015-01-05,26.33429259,26.75615857,26.25743062,26.51517065,2120890
2015-01-06,26.16788316,26.54777727,26.00854502,26.18269202,3531739
2015-01-07,26.00147372,26.46442475,25.80114036,26.39049116,3066795
2015-01-08,26.58390674,27.00621612,26.29891156,26.72296979,7878824
2015-01-09,26.83352088,27.17292116,26.63075902,27.01388859,3423905
2015-01-12,27.16633975,27.50633124,26.83816369,27.34636722,4369615
2015-01-13,27.37435154,28.00644635,27.08704928,27.92820482,4676056
2015-01-14,27.87357983,27.96477009,27.25297302,27.42948688,3460149
2015-01-15,27.33274918,27.83974131,27.17001115,27.72040568,2147029
2015-01-16,27.45755625,27.96477009,27.25297302,27.51260653,3142522
2015-01-19,27.95678455,28.00644635,27.46037768,27.59572619,2415712
2015-01-20,27.79037512,28.13147513,27.50185861,27.88664499,3703882
2015-01-21,27.66556804,27.96477009,27.54333955,27.67884585,3155010
2015-01-22,28.03998926,28.08979887,27.41889675,27.55416636,3186749
2015-01-23,27.58236333,28.08979887,27.41889675,27.88664499,2430246
2015-01-26,27.74877276,27.92309383,27.54333955,27.84508516,1642590
2015-01-27,27.91518219,28.13147513,27.62630141,28.01132448,2821282
2015-01-28,27.74877276,28.17315139,27.66778235,28.09444413,1907177
2015-01-29,28.08159162,28.83997154,27.75074421,28.75940139,4429009
2015-01-30,28.83043407,28.92332406,28.28999634,28.6347219,3300500
2015-02-02,28.70562699,28.75661902,27.91666794,28.30224328,4515930
2015-02-03,28.28960341,28.58991398,28.20703448,28.42692276,3018445
2015-02-04,28.03998926,28.54823772,27.95814888,28.42692276,3720806
2015-02-05,28.53921756,28.75661902,28.28999634,28.59316208,2450667
2015-02-06,28.53921756,28.75661902,28.28999634,28.55160225,1234632
2015-02-09,28.37280813,28.6732665,28.20703448,28.55160225,3866994
2015-02-10,28.45601284,28.58991398,28.04111074,28.51004242,1728105
2015-02-11,28.66402463,28.8816478,28.24851541,28.80096122,1973862
2015-02-12,28.45601284,28.96500032,28.37295821,28.88408088,2442146
2015-02-13,28.91363878,29.34008665,28.62184381,29.21655951,4477566
2015-02-16,29.37126472,29.42343917,28.78776754,29.09188002,2884390
2015-02-17,28.91363878,29.38176291,28.82924847,29.29967916,1953630
2015-02-18,29.08004821,29.34008665,28.91221034,28.96720053,1434877
2015-02-23,29.74568594,30.0069068,28.9951722,29.92307659,3701730
2015-02-24,29.87049301,29.96523054,29.53442433,29.79839711,2604917
2015-02-25,29.95369773,30.71540321,29.70034807,29.92307659,4738341
2015-02-26,30.12010716,30.4236694,29.741829,29.96463642,3478413
2015-02-27,29.87049301,30.4236694,29.78330993,29.92307659,2588092
2015-03-02,30.12010716,30.17361184,29.16109594,29.54903813,3675301
2015-03-03,29.49607179,29.96523054,29.3685006,29.50747831,2401375
2015-03-04,29.53767415,29.79852551,28.82924847,29.00876036,3908081
2015-03-05,28.53921756,28.96500032,28.37295821,28.80096122,4849488
2015-03-06,28.74722935,28.92332406,28.33147728,28.42692276,3525284
2015-03-09,28.37280813,28.6732665,28.20703448,28.38536293,4215582
2015-03-10,28.74722935,29.13170535,28.49740101,28.88408088,4832390
2015-03-11,28.58081992,29.25673413,28.49740101,29.17499968,2582930
2015-03-12,29.41286708,29.79852551,29.119615,29.21655951,3794746
2015-03-13,29.20485529,29.67349673,29.119615,29.46591848,3311304
2015-03-16,29.20485529,29.50679169,28.8707294,29.05032019,3007437
2015-03-17,29.53767415,29.71517299,29.07813407,29.17499968,5461326
2015-03-18,29.28806,29.59014421,29.07813407,29.50747831,3075489
2015-03-19,29.28806,30.0069068,29.20257687,29.75683728,2681203
2015-03-20,29.91209537,30.2152881,29.70034807,29.96463642,3273619
2015-03-23,29.99530009,30.25696436,29.4929434,29.79839711,2108193
2015-03-24,29.7872883,30.25696436,29.4929434,30.17243556,3395716
2015-03-25,30.20331188,30.46534566,29.90775273,30.38023471,2299179
2015-03-26,30.16170952,30.4236694,30.03219553,30.21399539,2210288
2015-03-27,30.49452838,30.54869818,29.9907146,30.13087573,4437651
2015-03-30,30.24491424,30.67372695,30.15663833,30.50491419,4191438
2015-03-31,30.5777331,30.79875573,30.28108113,30.58803385,4479379
2015-04-01,30.78574489,31.09048955,30.44700486,30.83739282,2928284
2015-04-02,30.95215432,31.3405471,30.77885233,31.16987145,5663855
2015-04-08,32.03381563,32.13239603,31.31810445,31.87638854,6596475
2015-04-09,32.78265807,33.34100756,31.56699005,31.95950819,8111347
2015-04-10,32.32503213,32.50748237,31.81587565,32.41666631,5678239
2015-04-13,32.44983921,32.54915863,31.98179938,32.33354665,5902597
2015-04-14,32.57464628,32.67418741,31.85735658,31.95950819,4842545
2015-04-15,32.03381563,32.50748237,31.85735658,32.25042699,5563139
2015-04-16,32.32503213,32.38245359,31.77439472,32.04262785,2826935
2015-04-17,32.07541799,32.34077733,31.81587565,32.00106802,1784886
2015-04-20,32.07541799,32.17407229,31.35958539,31.46079025,2609456
2015-04-21,31.99221327,32.04904352,31.40106632,31.75170905,2578735
2015-04-22,31.65939441,32.00736726,31.56699005,31.79326888,2149535
2015-04-23,31.8674062,32.29910107,31.52550912,31.62702956,3120121
2015-04-24,31.8674062,32.13239603,31.35958539,32.04262785,1916141
2015-04-27,32.28342978,32.34077733,31.64995192,32.08418768,2612163
2015-04-28,31.99221327,32.13239603,31.64995192,31.91794836,3339686
2015-04-29,32.03381563,32.09071977,31.73291379,31.91794836,1857873
2015-04-30,31.74259912,31.965691,31.52550912,31.62702956,2390758
2015-05-04,31.78420148,32.09071977,31.60847099,31.95950819,2112783
2015-05-05,32.03381563,32.21574855,31.69143285,31.79326888,1630478
2015-05-06,32.07541799,32.21574855,31.69143285,32.12574751,3997692
2015-05-07,31.95061091,32.00736726,31.19366166,31.29455094,3257503
2015-05-08,31.61779205,31.7573097,31.15218072,31.25299111,3816951
2015-05-11,31.8674062,31.92401474,31.15218072,31.33611076,2395677
2015-05-12,31.20176847,31.42389962,30.94477606,31.12831162,3791474
2015-05-13,31.3681779,31.42389962,30.94477606,31.04519196,2871594
2015-05-14,31.20176847,31.42389962,30.98625699,31.33611076,2738625
2015-05-15,31.32657554,31.63228092,30.98625699,31.54390991,1813969
2015-05-18,31.40978026,31.67395718,31.19366166,31.46079025,1758864
2015-05-19,31.53458733,32.09071977,31.27662352,31.91794836,3087354
2015-05-20,31.99221327,32.09071977,31.64995192,31.91794836,2037673
2015-05-21,31.82580384,32.29910107,31.60847099,32.20886716,2791306
2015-05-22,32.28342978,32.42412985,31.85735658,32.08418768,2821489
2015-05-26,32.28342978,32.50923255,31.85735658,31.95686947,3208418
2015-05-27,32.28342978,32.33902715,31.85735658,32.08418768,3366059
2015-05-28,32.28342978,32.33902715,31.34899451,31.40515725,3305802
2015-05-29,32.19847338,32.25392444,31.34899451,31.57491486,4918140
2015-06-01,31.68873502,32.21137309,31.43372152,31.78711187,3957986
2015-06-02,31.56130043,31.91351363,31.30663101,31.44759665,3164934
2015-06-03,31.39138764,31.53055147,31.05244997,31.36271785,15437057
2015-06-04,31.34890944,31.87096228,30.62881491,31.15052084,5160569
2015-06-05,31.34890944,31.65820552,31.09481347,31.36271785,1896214
2015-06-08,31.26395305,31.36034606,30.5864514,30.72612682,2466863
2015-06-09,30.83917108,30.8922812,30.16281634,30.42905101,3286285
2015-06-10,30.58430189,31.27524336,29.82390829,30.0895358,5356858
2015-06-11,30.11704173,31.10503795,30.03572582,30.98076323,4132806
2015-06-12,31.17899665,31.53055147,30.71354192,31.36271785,3234301
2015-06-15,31.05156206,31.40289741,30.79826893,31.15052084,1425470
2015-06-16,30.96660567,31.65820552,30.67117841,31.02320264,2065016
2015-06-17,30.88164927,31.70075687,30.79826893,31.27783905,2516756
2015-06-18,31.60377862,31.82841093,31.17954049,31.49003605,1392109
2015-06-19,31.56130043,31.91351363,31.22190399,31.57491486,3172394
2015-06-22,31.68873502,32.16882174,31.43372152,31.99930888,1708339
2015-06-23,32.19847338,32.25392444,31.73026607,32.08418768,1827478
2015-06-24,32.19847338,32.25392444,31.17954049,31.49003605,3435582
2015-06-25,31.60377862,31.65820552,30.96772296,31.02320264,4804474
2015-06-26,30.75421468,31.10503795,30.5440879,30.81100563,4209152
2015-06-29,30.4993455,30.63697309,30.07808933,30.216854,3612790
2015-06-30,30.41438911,30.84972984,30.07808933,30.59880862,3976760
2015-07-02,30.4993455,30.55187038,30.07808933,30.25929341,4745649
2015-07-03,30.4568673,30.50931903,29.44263674,29.75002059,4337041
2015-07-06,29.81969435,30.08380552,28.55300311,29.02855076,5469739
2015-07-07,29.0126086,29.78594606,28.84954765,29.49538418,4889376
2015-07-08,28.88517401,29.27532984,28.04464104,28.94367195,9291962
2015-07-09,29.30995598,30.04125417,28.55300311,29.53782358,6815367
2015-07-10,29.56482516,29.91360011,28.97663817,29.28318717,7190844
2015-07-13,29.18252139,29.91360011,28.97663817,29.66514178,4645726
2015-07-14,29.43739057,30.25401092,29.31554622,30.1319752,3640379
2015-07-15,29.90465074,30.08380552,29.40027323,29.62270238,2505377
2015-07-16,29.47986877,29.99870281,29.27318271,29.53782358,1175921
2015-07-17,29.69225975,30.08380552,29.31554622,30.004657,2615664
2015-07-20,29.90465074,30.21145957,29.65445427,29.91977819,1250467
2015-07-21,30.07456353,30.33911363,29.69681777,30.1744146,2280465
2015-07-22,30.07456353,30.29656227,29.73918128,29.87733879,1007385
2015-07-23,30.07456353,30.21145957,29.82390829,29.87733879,1252031
2015-07-24,29.98960713,30.04125417,29.48500024,29.87733879,914463
2015-07-27,29.81969435,29.95615146,28.97663817,29.24074777,1971845
2015-07-28,29.097565,30.25401092,29.01900168,29.45294477,2138533
2015-07-29,29.47986877,29.82849741,29.35790972,29.49538418,1362923
2015-07-30,29.81969435,30.12635687,29.1884557,29.24074777,1842516
2015-07-31,29.64978156,29.70084335,29.14609219,29.32562657,1915625
2015-08-03,29.35243418,29.70084335,28.97663817,29.36806597,2091736
2015-08-04,29.60730336,29.658292,29.10372869,29.58026298,1393444
2015-08-05,29.30995598,29.61574065,29.23081921,29.41050537,1539681
2015-08-06,29.60730336,30.12635687,29.27318271,30.004657,3751272
2015-08-07,29.64978156,30.29656227,29.56972726,30.0470964,1995952
2015-08-10,30.11704173,31.0624866,29.48500024,30.81100563,4762525
2015-08-11,30.83917108,31.0624866,30.50172439,30.85344503,3462482
2015-08-12,30.58430189,30.8922812,30.33227037,30.47149041,3567127
2015-08-13,30.58430189,30.80717849,30.33227037,30.55636922,2594073
2015-08-14,30.58430189,31.36034606,30.50172439,31.15052084,4006235
2015-08-17,31.26395305,31.36034606,30.84063244,31.02320264,2097229
2015-08-18,31.30643124,31.40289741,31.05244997,31.23539964,4526156
2015-08-19,31.34890944,31.40289741,30.5440879,30.98076323,4241175
2015-08-20,30.66925829,30.9773839,30.12045283,30.59880862,3946029
2015-08-21,30.15951992,30.55187038,29.48500024,29.96221759,4863158
2015-08-24,29.14004319,29.27532984,28.38354908,28.81635375,5773164
2015-08-25,28.46039204,29.53063795,28.21409506,29.07099016,4934618
2015-08-26,29.35243418,29.5731893,28.63773012,28.90123255,4316968
2015-08-27,29.22407076,30.30180411,29.14988029,29.88455851,3809807
2015-08-28,29.78031223,30.3875235,29.66203045,29.7562986,4989535
2015-08-31,30.03703906,30.25894441,29.32059701,29.49977879,3775844
2015-09-01,29.5235854,30.00178625,28.80844684,28.85847925,3323876
2015-09-02,28.79619271,29.40175052,28.6804093,28.94398585,2963650
2015-09-04,28.96734393,29.27317144,28.63773012,28.98673916,2590876
2015-09-07,28.6678293,29.5731893,28.59505094,28.98673916,2131652
2015-09-08,29.26685857,29.78748777,28.80844684,29.6280387,1929745
2015-09-09,30.20819028,31.2018577,29.61935127,30.95339108,5279807
2015-09-10,30.76443174,30.81612044,29.61935127,29.88455851,2758698
2015-09-11,30.25097808,30.60182197,29.87542636,30.14107833,2125327
2015-09-14,30.29376589,30.3446638,29.74738881,30.09832502,1038276
2015-09-15,30.12261467,30.43038319,29.79006799,29.84180521,1223029
2015-09-16,29.90867564,30.55896228,29.74738881,30.31209154,1658494
2015-09-17,30.55049272,30.60182197,29.53399291,29.6280387,2504322
2015-09-18,29.60916101,30.68754136,29.53399291,30.14107833,2584200
2015-09-21,29.86588784,30.21608472,29.70470963,29.97006512,1208803
2015-09-22,30.12261467,30.85898014,29.87542636,30.65411796,2358088
2015-09-23,30.55049272,30.60182197,29.32059701,29.54253209,4147063
2015-09-24,29.48079759,29.70176838,28.97916357,29.24325897,2724803
2015-09-25,29.30964637,29.5731893,28.93648438,29.24325897,1744487
2015-09-29,28.58225369,29.05887296,28.2536175,28.51645283,3264440
2015-09-30,28.53946588,28.97315357,28.4670134,28.68746604,1936786
2015-10-02,28.49667808,29.27317144,28.42433422,29.15775237,3706307
2015-10-05,29.22407076,29.5731893,29.14988029,29.32876558,1226990
2015-10-06,29.5663732,29.61604899,28.80844684,28.85847925,1565824
2015-10-07,29.09570735,29.44461022,28.85112602,29.37151888,2483787
2015-10-08,29.01013174,29.44461022,28.72308848,29.20050567,2515636
2015-10-09,29.35243418,29.48746991,28.80844684,28.90123255,2600011
2015-10-12,28.88176832,29.27317144,28.80844684,28.98673916,3074616
2015-10-13,29.05291954,29.65890869,28.8938052,29.49977879,18574736
2015-10-14,29.09570735,29.44461022,28.8938052,29.02949246,4239431
2015-10-15,29.01013174,29.5303296,28.8938052,29.45702549,4066889
2015-10-16,29.65194881,29.74462808,29.27791783,29.58528539,2788187
2015-10-19,29.5235854,29.95892655,29.27791783,29.7135453,1908032
2015-10-20,29.69473662,30.00178625,29.40595537,29.58528539,2202670
2015-10-22,29.48079759,30.08750563,29.40595537,29.7562986,2286767
2015-10-23,30.20819028,30.43038319,29.74738881,30.22658493,3406237
2015-10-26,30.12261467,30.3875235,29.91810554,30.05557172,2318707
2015-10-27,30.12261467,30.51610258,30.0034639,30.26933823,2319768
2015-10-28,30.55049272,30.73040105,30.30221816,30.56861135,2031025
2015-10-29,30.67885613,30.77326075,30.2168598,30.48310475,2248220
2015-10-30,30.63606833,30.68754136,29.91810554,30.14107833,1779547
2015-11-02,30.16540247,30.25894441,29.66203045,30.01281842,2715074
2015-11-03,30.07982686,30.51610258,29.79006799,30.44035144,2891888
2015-11-04,30.67885613,31.50187556,30.38757652,30.65411796,4067382
2015-11-05,30.3793415,31.03041892,30.25953898,30.39759814,1776739
2015-11-06,30.16540247,30.60182197,30.04614308,30.48310475,2153836
2015-11-09,30.4221293,30.77326075,30.13150144,30.44035144,2029337
2015-11-10,30.55049272,30.64468167,29.57667209,29.79905191,6762142
2015-11-11,29.78031223,30.25894441,29.49131373,30.05557172,4617647
2015-11-12,30.20819028,30.85898014,29.96078472,30.73962456,3702247
2015-11-13,30.59328052,30.68754136,30.13150144,30.22658493,4077200
2015-11-16,30.16540247,30.64468167,29.96078472,30.31209154,2477707
2015-11-17,30.4221293,31.07327861,30.04614308,30.82513117,3760218
2015-11-18,30.89279516,31.07327861,30.72900997,30.91063777,3114397
2015-11-19,31.02115857,31.63045464,30.94240587,31.55193731,3785606
2015-11-20,31.23509759,31.71617403,31.02776423,31.59469061,2260045
2015-11-23,31.66297564,31.84475311,31.28383931,31.72295052,1271018
2015-11-24,31.74855125,31.80189342,30.98508505,31.3381708,1002608
2015-11-25,31.02115857,31.71617403,30.85704751,31.4236774,2298694
2015-11-26,31.40624881,31.71617403,31.02776423,31.25266419,1498926
2015-11-27,31.44903662,31.50187556,30.64365161,30.78237787,2090707
2015-11-30,31.44903662,31.50187556,30.64365161,30.78237787,2090707
2015-12-01,29.95146345,31.75903373,29.79006799,31.3809241,12102584
2015-12-02,30.93558296,31.54473525,30.85704751,31.3809241,3214375
2015-12-03,31.23509759,31.50187556,30.94240587,31.3809241,3345189
2015-12-04,31.19230979,31.37329647,30.89972669,31.16715759,3624793
2015-12-07,31.19230979,31.45901586,30.98508505,31.03889768,2776049
2015-12-08,31.06394638,31.28757708,30.68633079,30.91063777,4743872
2015-12-09,31.02115857,31.158998,30.68633079,30.95339108,2612722
2015-12-10,31.10673418,31.24471739,30.72900997,31.08165098,1898673
2015-12-11,31.53461223,31.58759495,30.81436833,31.12440429,3266307
2015-12-14,30.80721955,31.11613831,30.60097242,30.91063777,3147077
2015-12-15,30.97837077,31.158998,30.85704751,31.08165098,2888424
2015-12-16,31.3206732,31.41615617,31.02776423,31.2954175,2430406
2015-12-17,31.62018784,31.84475311,31.28383931,31.76570383,2315372
2015-12-18,31.36346101,31.88761281,31.24116013,31.3381708,2846791
2015-12-21,31.3206732,31.67331434,30.85704751,31.59469061,1233585
2015-12-22,31.62018784,31.9733322,31.36919767,31.72295052,2020899
2015-12-23,31.91970247,32.14477098,31.71063112,32.06497694,1586299
2015-12-24,32.1764293,32.23049037,31.66795194,31.76570383,959921
2015-12-28,31.79133906,32.10191128,31.71063112,31.97947034,708648
2015-12-29,32.04806589,32.87338579,31.71063112,32.70627648,3773252
2015-12-30,32.86103418,33.00196487,32.26546046,32.920043,2329702
2015-12-31,32.68988296,32.95910518,32.43617719,32.87728969,1678537
2016-01-04,32.77545857,32.83052609,32.05206456,32.15048355,4696893
2016-01-05,31.66297564,32.57336792,31.41187685,32.49250997,3253278
2016-01-06,32.51873174,32.57336792,31.79598948,31.89396373,2526587
2016-01-07,31.87691467,31.9304725,30.85704751,30.99614438,3959784
2016-01-08,31.57740003,31.63045464,31.07044341,31.3381708,3639516
2016-01-11,31.23509759,31.41615617,30.77168915,30.99614438,6605857
2016-01-12,31.57740003,31.63045464,30.77168915,30.86788447,2764213
2016-01-13,31.96249028,32.01619189,31.11312259,31.3809241,2904629
2016-01-14,31.44903662,31.50187556,30.89972669,31.16715759,4513225
2016-01-15,31.2778854,31.75903373,30.89972669,31.2954175,4593302
2016-01-18,31.14952199,31.71617403,30.94240587,31.3381708,3390967
2016-01-19,31.66297564,31.71617403,30.72900997,31.08165098,5443540
2016-01-20,30.89279516,31.24471739,30.13150144,30.35484484,9536484
2016-01-21,30.89279516,31.03041892,29.19255947,29.45702549,15834093
2016-01-22,30.12261467,30.17322502,29.36327619,29.58528539,10116617
2016-01-25,29.78031223,30.08750563,29.61935127,29.88455851,3983275
2016-01-26,29.90867564,30.00178625,29.57667209,29.7562986,3388196
2016-01-27,30.12261467,30.21608472,29.74738881,29.97006512,3436718
2016-01-28,29.99425125,30.21608472,29.53399291,29.7135453,4021461
2016-01-29,29.73752442,30.17322502,29.61935127,30.09832502,6231084
2016-02-01,29.73752442,30.17322502,29.61935127,30.09832502,6231084
2016-02-02,29.5663732,30.43038319,29.40595537,30.26933823,6078082
2016-02-03,30.25097808,30.3446638,29.91810554,30.05557172,3897527
2016-02-04,29.99425125,30.77326075,29.91810554,30.39759814,4902128
2016-02-05,30.72164394,30.81612044,30.08882226,30.22658493,3860711
2016-02-11,29.78031223,30.08750563,29.44863455,29.88455851,4056497
2016-02-12,29.82310003,30.64468167,29.49131373,30.44035144,5193947
2016-02-15,30.72164394,30.77326075,30.30221816,30.35484484,2393046
2016-02-16,30.67885613,30.85898014,30.2168598,30.78237787,2614846
2016-02-17,30.80721955,30.98755922,30.17418062,30.35484484,2901002
2016-02-18,30.63606833,31.07327861,30.4302557,30.99614438,3099476
2016-02-19,31.23509759,31.28757708,30.47293488,30.91063777,1544356
2016-02-22,30.89279516,31.45901586,30.72900997,31.3381708,1879655
2016-02-23,31.53461223,31.63045464,31.07044341,31.16715759,2042348
2016-02-24,30.97837077,31.71617403,30.89972669,31.63744392,2632466
2016-02-25,31.79133906,31.84475311,30.81436833,31.20991089,3155133
2016-02-26,31.49182442,32.01619189,31.28383931,31.80845713,3279138
2016-02-29,31.74855125,31.80189342,30.64365161,30.69687126,5279946
2016-03-01,30.93558296,31.58759495,30.72900997,31.25266419,2694112
2016-03-02,31.2778854,31.75903373,31.19848095,31.63744392,2695864
2016-03-03,31.36346101,31.9733322,31.24116013,31.3381708,3061528
2016-03-04,31.3206732,31.50187556,30.77168915,30.95339108,4894868
2016-03-07,31.02115857,31.28757708,30.68633079,30.78237787,4031698
2016-03-08,30.97837077,31.07327861,30.68633079,30.78237787,1850119
2016-03-09,30.97837077,31.33043678,30.64365161,30.95339108,2026043
2016-03-10,31.23509759,31.33043678,30.77168915,30.91063777,2422578
2016-03-11,31.14952199,31.33043678,30.81436833,31.03889768,1955849
2016-03-14,31.83412686,32.35906945,31.62527276,31.93671704,9837645
2016-03-15,31.83412686,32.31620976,31.66795194,32.19323685,3703636
2016-03-16,32.21921711,32.91624548,32.13742292,32.70627648,4029629
2016-03-17,32.94660979,33.30198273,32.30813964,32.49250997,6321330
2016-03-18,32.68988296,32.83052609,32.26546046,32.36425006,3117007
2016-03-21,32.43315613,32.57336792,32.05206456,32.40700336,2306770
2016-03-22,32.43315613,32.65908731,32.22278128,32.53526327,2983960
2016-03-23,32.51873174,32.65908731,31.71063112,31.89396373,9065815
2016-03-24,31.70576345,32.27335006,31.62527276,32.06497694,4285793
2016-03-29,32.34758052,32.40192915,31.71063112,31.97947034,1690547
2016-03-30,32.09085369,32.87338579,31.88134784,32.70627648,3199226
2016-03-31,32.68988296,33.00196487,32.43617719,32.70627648,4058669
2016-04-01,32.86103418,32.91624548,32.00938538,32.49250997,1962471
2016-04-05,32.09085369,32.48764853,32.00938538,32.23599015,2652278
2016-04-06,32.21921711,32.48764853,32.05206456,32.27874346,2869254
2016-04-07,32.51873174,32.91624548,32.26546046,32.83453639,2754389
2016-04-08,32.68988296,33.17340365,32.35081883,33.09105621,3497886
2016-04-11,32.73267077,32.95910518,32.35081883,32.49250997,4948361
2016-04-12,32.56151955,32.7448067,32.1801021,32.23599015,3549975
2016-04-13,32.39036833,32.91624548,32.30813964,32.79178309,3856967
2016-04-14,32.94660979,33.13054395,32.47885637,33.0055496,4932587
2016-04-15,32.94660979,33.13054395,32.60689391,32.9627963,2038692
2016-04-18,32.90382199,33.08768426,32.73493145,32.87728969,1900979
2016-04-19,32.9893976,33.25912304,32.73493145,33.13380951,2846406
2016-04-20,32.94660979,33.21626334,32.77761063,32.920043,2205904
2016-04-21,33.07497321,33.21626334,32.69225227,33.0483029,3432438
2016-04-22,33.07497321,33.21626334,32.77761063,32.87728969,3181188
2016-04-25,32.68988296,33.21626334,32.39349801,33.09105621,2436609
2016-04-26,33.11776101,33.21626334,32.56421473,32.87728969,2442160
2016-04-27,33.0321854,33.08768426,32.56421473,32.83453639,2149755
2016-04-28,32.94660979,33.5591409,32.73493145,33.17656281,3352785
2016-04-29,33.11776101,33.17340365,32.60689391,32.87728969,3109785
2016-05-03,32.94660979,33.00196487,32.56421473,32.66352318,2805358
2016-05-04,32.64709516,32.91624548,32.56421473,32.70627648,3011303
2016-05-05,32.77545857,33.08768426,32.64957309,32.87728969,2703897
2016-05-06,32.94660979,33.13054395,32.69225227,32.9627963,3370968
2016-05-09,33.0321854,33.08768426,32.73493145,32.920043,3153900
2016-05-10,33.0321854,33.08768426,32.73493145,32.83453639,3733123
2016-05-11,32.86103418,33.04482456,32.60689391,32.83453639,3688313
2016-05-12,32.77545857,32.95910518,32.56421473,32.83453639,3044300
2016-05-13,32.77545857,32.91624548,32.43617719,32.62076988,4232362
2016-05-16,32.60430735,32.83052609,32.43617719,32.74902978,2785397
2016-05-17,32.77545857,33.43056182,32.56421473,33.26206942,5871137
2016-05-18,32.94660979,33.17340365,32.73493145,33.0483029,5674634
2016-05-19,32.9893976,33.64486029,32.86296899,33.47583593,6622588
2016-05-20,33.3402576,33.82487101,32.91418401,33.48438659,5877731
2016-05-23,33.94307171,34.05686601,33.19194084,33.20650786,3170335
2016-05-24,33.38662791,33.40728001,32.91418401,33.20650786,2952910
2016-05-25,33.43299823,33.82487101,33.28452644,33.66963907,4931264
2016-05-26,33.80396076,33.87127001,33.37711205,33.43807347,2939435
2016-05-27,33.47936855,33.87127001,33.28452644,33.62332595,2958845
2016-05-30,33.71122013,33.77847201,33.37711205,33.57701283,2010664
2016-05-31,33.80396076,34.56725501,33.56228327,34.08645716,6487865
2016-06-01,34.45314519,34.47445701,34.07150412,34.31802277,3085644
2016-06-02,34.63862646,34.66005301,34.21038253,34.45696213,2384232
2016-06-03,34.82410773,34.84564901,34.30296814,34.50327525,3664730
2016-06-06,34.77773741,34.79925001,34.44184656,34.5959015,1648346
2016-06-07,35.05595931,35.17044201,34.67331058,34.96640647,3237176
2016-06-08,34.91684836,35.54163401,34.71960338,35.15165895,3156372
2016-06-10,35.05595931,35.63443201,34.99736021,35.24428519,4007287
2016-06-13,34.54588583,35.07764401,34.44184656,34.78115398,3237608
2016-06-14,34.68499678,34.89204801,34.11779693,34.31802277,4499719
2016-06-15,34.08218266,34.89204801,33.8400401,34.54958838,3985302
2016-06-16,34.49951551,34.56725501,33.97891851,34.13277029,3186136
2016-06-17,34.40677488,34.66005301,34.07150412,34.54958838,4294720
2016-06-20,34.73136709,34.79925001,34.25667534,34.5959015,1918323
2016-06-21,34.40677488,34.79925001,34.34926095,34.73484086,2484461
2016-06-22,34.49951551,35.07764401,34.34926095,34.68852774,4123941
2016-06-23,35.10232963,35.12404301,34.67331058,34.87378022,1945702
2016-06-24,34.73136709,35.17044201,33.74745449,34.5959015,6037800
2016-06-27,34.59225614,35.49523501,34.34926095,35.24428519,3921769
2016-06-28,34.87047804,35.54163401,34.81218899,35.4758508,3137329
2016-06-29,35.51966247,36.05202301,35.27511704,35.80004265,3301628
2016-06-30,36.16884691,36.65521001,36.01580191,36.40211322,6981837
2016-07-04,36.16884691,36.88720501,36.10838752,36.58736571,3155849
2016-07-05,36.58617976,36.74800801,36.29355874,36.58736571,2937382
2016-07-06,36.53980944,36.60881101,35.8769235,36.49473946,2801049
2016-07-07,36.53980944,36.88720501,36.20097313,36.63367883,3075128
2016-07-08,36.67892039,36.79440701,36.29355874,36.58736571,2833941
2016-07-11,37.0035126,37.53679101,36.57131556,37.46731501,4185991
2016-07-12,37.51358609,38.04718001,37.17312202,37.8841331,5194920
2016-07-13,38.16277052,38.51117001,37.86751409,38.30095119,5024203
2016-07-14,38.44099242,39.20715501,38.14527092,39.04196113,5043037
2016-07-15,38.9510659,39.11435701,38.46932055,39.04196113,4692437
2016-07-18,39.04380653,39.06795801,38.65449177,38.90302176,3193136
2016-07-19,38.90469558,39.25355401,38.60819896,39.18090049,2730194
2016-07-20,39.18291748,40.13513501,39.07112701,39.87559731,4759059
2016-07-21,39.87847223,40.18153401,39.48776225,39.6440317,5056328
2016-07-22,39.55388001,39.81034201,39.21000542,39.55140546,3444356
2016-07-25,39.83210191,39.90314001,39.34888384,39.55140546,2448921
2016-07-26,39.60025033,40.36713001,39.48776225,40.19978916,4575546
2016-07-27,39.87847223,40.36713001,39.67293347,40.24610228,3311348
2016-07-28,40.15669413,40.83112001,39.9969831,40.75554661,3905203
2016-07-29,40.80587856,41.29511001,40.22844712,40.66292037,4646303
2016-08-01,40.71313793,40.83112001,40.08956871,40.43135476,4174662
2016-08-03,39.60025033,40.22793301,39.16371262,39.36615298,7054840
2016-08-04,39.7857316,40.27433201,39.44146944,40.01453667,3014811
2016-08-05,40.15669413,40.55272601,39.9969831,40.43135476,2790141
2016-08-08,40.6203973,40.97031701,40.41361834,40.57029412,3741802
2016-08-09,40.71313793,40.83112001,40.27473993,40.2924154,2025989
2016-08-10,39.73936128,39.85674101,38.60819896,38.81039552,12108679
2016-08-11,38.672844,39.67114501,38.60819896,38.94933488,5501485
2016-08-12,39.04380653,39.34635201,38.74707738,38.90302176,4170501
2016-08-15,38.85832527,39.25355401,38.79337018,39.08827425,4557296
2016-08-16,39.2292878,39.62474601,38.93224859,39.55140546,3183321
2016-08-17,39.60025033,39.81034201,39.34888384,39.45877922,3106402
2016-08-18,40.3421754,40.36713001,39.53405505,39.92191043,4099915
2016-08-19,39.83210191,39.90314001,38.9785414,39.36615298,4144968
2016-08-22,39.41476906,39.57834701,38.83966299,39.13458737,3299091
2016-08-23,39.22819028,39.39165669,38.979374,39.22776496,3096342
2016-08-24,39.27483497,39.76503732,39.2122257,39.27435375,2612425
2016-08-25,39.18154558,39.71836475,39.11908502,39.46070893,2267320
2016-08-26,39.55470316,39.8117099,39.4450774,39.55388652,1900289
2016-08-29,39.55470316,39.62501959,38.83966299,39.04140978,2878566
2016-08-30,39.36812437,39.53167443,39.02594434,39.08799857,2038363
2016-08-31,39.13490088,39.57834701,39.07251468,39.50729773,2840548
2016-09-01,39.50805846,39.53167443,39.11908502,39.46070893,1981035
2016-09-02,39.64799255,39.85838248,39.35193672,39.7402417,2796522
2016-09-05,40.02115013,40.13841796,39.72449943,39.88000808,2374383
2016-09-06,39.97450543,40.0450728,39.58478841,39.60047531,2148705
2016-09-07,39.64799255,39.95172764,39.53821808,39.83341929,2082883
2016-09-08,39.97450543,40.46512601,39.86421045,40.20612964,3574899
2016-09-09,40.4875971,40.9318518,40.19020283,40.85837277,5254598
2016-09-12,40.20772892,40.55847117,39.67792909,39.7402417,3956231
2016-09-13,39.88121604,40.23176311,39.16565536,39.36753134,4855035
2016-09-14,39.36812437,39.67169217,39.11908502,39.18117616,2922932
2016-09-15,39.22819028,39.43832927,39.02594434,39.22776496,2983657
2016-09-19,39.55470316,39.62501959,39.30536638,39.46070893,2378021
2016-09-20,39.50805846,39.67169217,39.11908502,39.41412014,2353483
2016-09-21,39.60134785,39.62501959,39.2122257,39.36753134,5081641
2016-09-22,39.60134785,39.76503732,39.2122257,39.41412014,4040902
2016-09-23,39.46141376,39.57834701,39.11908502,39.13458737,3786112
2016-09-26,39.18154558,39.29831153,38.93280366,39.04140978,3349504
2016-09-27,39.32147967,39.76503732,38.979374,39.6936529,2583072
2016-09-28,39.69463725,39.76503732,39.16565536,39.60047531,2803208
2016-09-29,39.74128194,40.37178085,39.67792909,40.15954085,4391322
2016-09-30,39.74128194,39.95172764,39.39850706,39.78683049,3568007
2016-10-03,40.34766301,40.37178085,39.77106977,39.88000808,1493899
2016-10-04,40.72082058,40.74516148,39.77106977,39.92659688,1703173
2016-10-05,39.92786073,40.13841796,39.77106977,40.01977446,2252773
2016-10-06,40.02115013,40.0450728,39.39850706,39.41412014,4820867
2016-10-07,39.83457134,39.85838248,39.39850706,39.78683049,2087226
2016-10-11,40.30101831,40.32510827,39.11908502,39.22776496,4257749
2016-10-12,39.18154558,39.95172764,39.11908502,39.88000808,2914017
2016-10-13,39.92786073,40.0450728,39.49164774,39.60047531,3152807
2016-10-14,39.69463725,40.13841796,39.63135875,40.06636326,2597391
2016-10-17,40.11443952,40.13841796,39.49164774,40.06636326,2451890
2016-10-18,40.20772892,40.27843569,39.58478841,39.92659688,3489690
2016-10-19,40.25437361,40.32510827,39.95735113,40.25271844,2939283
2016-10-20,40.4875971,40.51179859,40.05049181,40.39248482,2227965
2016-10-24,40.58088649,40.88517922,40.09706215,40.81178397,4511944
2016-10-25,40.81410998,40.88517922,40.56276554,40.71860638,1518684
2016-10-26,40.72082058,40.83850664,40.2833435,40.29930723,1389856
2016-10-27,40.34766301,40.60514375,39.72449943,39.92659688,2946608
2016-10-28,39.83457134,40.23176311,39.77106977,39.88000808,1756171
2016-10-31,39.74128194,40.32510827,39.67792909,40.01977446,2827948
2016-11-01,40.76746528,40.79183406,40.23677317,40.25271844,3910178
2016-11-02,40.3943077,40.41845343,39.81764011,39.97318567,1967163
2016-11-03,40.11443952,40.13841796,39.67792909,39.6936529,2127298
2016-11-04,39.64799255,40.09174538,39.53821808,39.64706411,1557658
2016-11-07,39.46141376,39.8117099,39.2122257,39.50729773,3554802
2016-11-08,39.88121604,39.95172764,39.53821808,39.6936529,1986846
2016-11-09,40.02115013,40.0450728,38.74652231,39.22776496,6090263
2016-11-10,39.64799255,39.85838248,39.39850706,39.46070893,3414061
2016-11-11,39.55470316,39.57834701,38.83966299,39.04140978,4755184
2016-11-14,38.99496679,39.20496638,38.23424857,38.29598907,5033819
2016-11-15,38.43523043,38.45820511,37.44255281,37.87668992,7726542
2016-11-16,37.68891527,37.94480674,37.11656043,37.13126921,8144894
2016-11-17,37.1758236,37.24471806,36.18515364,36.57220367,12071753
2016-11-18,36.42950845,36.63797453,35.95230195,36.47902608,5826271
2016-11-21,36.38286375,36.45128421,35.95230195,36.01313814,6387346
2016-11-22,36.19628496,36.63797453,35.99887229,36.43243729,6555761
2016-11-23,36.47615315,36.59130195,36.13858331,36.24608211,4412110
2016-11-24,36.24292966,36.31126648,35.95230195,36.01313814,2938922
2016-11-25,36.24292966,36.31126648,35.99887229,36.05972693,3317660
2016-11-28,36.38286375,36.59130195,36.13858331,36.19949332,4034567
2016-11-29,36.19628496,36.54462937,36.09201297,36.15290452,6324020
2016-11-30,36.42950845,36.45128421,36.09201297,36.15290452,4500862
2016-12-01,36.14964027,36.45128421,35.48659856,35.54725019,20126230
2016-12-02,35.44996981,35.84454069,35.20717652,35.26771743,7303552
2016-12-05,35.5899039,35.65785037,35.20717652,35.4540726,4422957
2016-12-06,35.91641678,36.17124874,35.71945025,35.96654934,4316468
2016-12-07,36.00970618,36.12457616,35.62630957,35.87337176,3990508
2016-12-08,36.19628496,36.2645939,35.85916127,35.96654934,10091614
2016-12-09,36.10299557,36.49795679,35.90573161,36.24608211,5728981
2016-12-12,36.38286375,36.40461164,35.44002822,35.5006614,5258850
2016-12-13,35.5432592,36.12457616,35.48659856,36.05972693,3661329
2016-12-14,36.24292966,36.2645939,35.85916127,36.01313814,2116251
2016-12-15,35.44996981,35.89121327,35.20717652,35.54725019,6925353
2016-12-16,35.44996981,35.56450521,35.02089516,35.31430622,5980643
2016-12-19,35.17010163,35.3778149,34.64833245,34.94159587,4715594
2016-12-20,34.98352284,35.00443426,34.74147313,34.94159587,2672715
2016-12-21,34.98352284,35.23779716,34.92775448,34.98818466,2749146
2016-12-22,34.98352284,35.144452,34.64833245,34.84841828,2120080
2016-12-23,34.70365466,34.95776169,34.64833245,34.75524069,1864653
2016-12-28,34.93687814,35.09777942,34.64833245,34.84841828,2515146
2016-12-29,34.75029935,35.09777942,34.64833245,34.94159587,2612793
2016-12-30,34.98352284,35.42448748,34.92775448,35.12795104,2950970
2017-01-03,35.44996981,35.79786811,35.20717652,35.73360537,2164338
2017-01-04,35.86977208,35.93788584,35.53316889,35.68701658,1902512
2017-01-05,35.91641678,35.93788584,35.67287991,35.87337176,2161388
2017-01-06,35.77648269,35.98455842,35.62630957,35.64042778,2278527
2017-01-09,35.6365486,35.93788584,35.53316889,35.73360537,1667052
2017-01-10,35.6365486,36.2645939,35.57973923,36.15290452,2961635
2017-01-11,36.10299557,36.31126648,35.95230195,36.15290452,3424504
2017-01-12,36.05635087,36.17124874,35.71945025,35.78019417,2980738
2017-01-13,35.96306148,36.21792132,35.81259093,36.15290452,1774138
2017-01-16,36.10299557,36.31126648,35.81259093,36.01313814,1896392
2017-01-17,36.14964027,36.21792132,35.81259093,35.87337176,2039369
2017-01-18,36.05635087,36.31126648,35.95230195,36.10631573,2856111
2017-01-19,36.14964027,36.31126648,35.95230195,36.15290452,1827540
2017-01-20,35.96306148,36.17124874,35.85916127,36.01313814,1843169
2017-01-23,36.05635087,36.21792132,35.85916127,36.10631573,1574187
2017-01-24,36.19628496,36.40461164,35.85916127,36.29267091,2404080
2017-01-25,36.38286375,36.49795679,36.23172398,36.43243729,1991240
2017-01-26,36.61608724,36.82466485,36.32486466,36.61879247,3458212
2017-01-27,36.70937663,36.96468258,36.6042867,36.89832523,1550242
2017-02-01,37.08253421,37.19804548,36.69742738,37.13126921,3464331
2017-02-02,36.89595542,37.19804548,36.8371384,36.99150282,2583161
2017-02-03,37.12917891,37.24471806,36.69742738,37.08468041,1938521
2017-02-06,37.269113,37.43140837,36.97684941,37.36421318,3249873
2017-02-07,37.31575769,37.52475353,37.16313077,37.45739077,2585091
2017-02-08,37.54898118,37.57142611,37.06999009,37.41080197,3343422
2017-02-09,37.40904709,37.52475353,37.25627145,37.27103559,3148685
2017-02-10,37.54898118,37.57142611,37.25627145,37.50397956,5501079
2017-02-13,37.31575769,37.57142611,37.25627145,37.50397956,3566505
2017-02-14,37.64227057,37.71144385,37.44255281,37.50397956,2202921
2017-02-15,37.64227057,37.80478901,37.44255281,37.73692353,3004506
2017-02-16,37.68891527,37.80478901,37.25627145,37.27103559,3848010
2017-02-17,37.50233648,37.75811643,37.34941213,37.69033474,2478872
2017-02-20,37.96878345,38.2715148,37.72197484,38.10963389,3668862
2017-02-21,38.15536224,38.2715148,37.81511552,38.0630451,2511385
2017-02-22,38.24865164,38.45820511,37.81511552,38.38916666,4403982
2017-02-23,38.62180921,38.64489543,37.86168586,38.52893304,2368081
2017-02-24,38.34194103,38.64489543,38.28081891,38.52893304,2645667
2017-02-27,38.43523043,38.64489543,38.28081891,38.57552184,1890652
2017-02-28,38.52851982,38.73824059,38.23424857,38.24940027,2583547
2017-03-01,38.71509861,39.20496638,38.46710027,39.04140978,4521696
2017-03-02,39.18154558,39.25163896,38.46710027,38.76187701,4480924
2017-03-03,38.34194103,38.83158574,38.23424857,38.24940027,4181898
2017-03-06,38.34194103,39.01827606,38.23424857,38.8550546,3223029
2017-03-07,38.9016774,38.9249309,38.37395959,38.62211063,2766714
2017-03-08,39.08825619,39.67169217,38.65338163,39.08799857,7744722
2017-03-09,39.08825619,39.29831153,38.88623333,38.99482099,3501731
2017-03-10,38.99496679,39.1582938,38.79309265,38.9016434,3200066
2017-03-13,39.08825619,39.20496638,38.65338163,38.80846581,5497444
2017-03-14,38.71509861,39.1582938,38.65338163,38.99482099,2001917
2017-03-15,38.9016774,39.20496638,38.74652231,39.04140978,2365129
2017-03-16,39.18154558,39.57834701,39.07251468,39.32094255,5190516
2017-03-17,39.60134785,39.95172764,39.35193672,39.7402417,5620478
2017-03-20,39.83457134,40.09174538,39.72449943,40.01977446,2581910
2017-03-21,39.97450543,40.60514375,39.86421045,40.34589603,4067864
2017-03-22,40.20772892,40.23176311,39.67792909,39.92659688,4389135
2017-03-23,40.25437361,40.27843569,39.81764011,39.83341929,2881066
2017-03-24,39.88121604,40.09174538,39.58478841,40.01977446,2144388
2017-03-27,39.97450543,40.23176311,39.91078079,40.01977446,1895656
2017-03-28,40.06779482,40.51179859,39.95735113,40.39248482,3743268
2017-03-29,40.4875971,40.74516148,40.19020283,40.57884,3896610
2017-03-30,40.58088649,41.07186954,40.46962486,40.99813915,4516128
2017-03-31,41.04733346,41.1652147,40.5161952,40.67201759,5032599
2017-04-03,40.81410998,40.9318518,40.09706215,40.85837277,3257250
2017-04-05,40.95404407,41.07186954,40.60933588,40.99813915,3799899
2017-04-06,40.67417589,41.07186954,40.60933588,40.76519518,1922231
2017-04-07,40.62753119,40.9318518,40.32991384,40.76519518,3987091
2017-04-10,40.86075468,41.49192275,40.70247656,41.4174383,4800673
2017-04-11,41.51378044,41.72528564,41.02846893,41.4174383,4653246
2017-04-12,41.04733346,41.8186308,40.98189859,41.74355986,3203917
2017-04-13,41.70035922,41.8186308,41.40103165,41.60379348,1860196
2017-04-18,41.70035922,41.72528564,41.16817995,41.32426071,3822911
2017-04-19,41.14062286,41.21188727,40.65590622,40.99813915,5074265
2017-04-20,40.76746528,41.25855985,40.70247656,41.18449433,2548590
2017-04-21,41.23391225,41.49192275,41.16817995,41.27767192,2384571
2017-04-24,41.51378044,41.58526791,40.88875792,41.3708495,2566526
2017-04-25,41.51378044,41.8186308,41.35446131,41.69697107,1886674
2017-04-26,41.74700392,41.91197596,41.49417233,41.83673745,3383683
2017-04-27,41.84029331,41.91197596,41.54074267,41.83673745,2145594
2017-04-28,41.84029331,41.91197596,41.63388334,41.74355986,2169987
2017-05-02,41.88693801,42.00532112,41.72702402,41.92991504,2977256
2017-05-04,42.0268721,42.51871949,41.86673504,42.34921419,3660582
2017-05-05,42.40002968,42.47204691,41.95987572,42.02309263,4099161
2017-05-08,42.30674029,42.84542754,42.00644606,42.48898057,4216477
2017-05-09,42.67989786,43.40549849,42.56529013,43.23440128,6118640
2017-05-10,43.37956832,43.8255517,43.31041556,43.51393405,6533032
2017-05-11,43.56614711,43.68553396,43.17070454,43.37416767,6169440
2017-05-12,43.42621302,43.5921888,43.31041556,43.46734526,3810870
2017-05-15,43.7060812,44.89902102,43.45012658,44.63206512,7325433
2017-05-16,44.68561984,44.89902102,44.4281037,44.72524271,8008564
2017-05-17,44.82555393,46.20585323,44.70752574,45.75019619,12512525
2017-05-18,45.3852903,46.67257902,45.26636981,46.26267293,16072934
2017-05-19,45.49723757,45.89781421,44.35359116,44.60411184,20290919
2017-05-22,44.90055249,44.90327869,43.35911602,43.65932018,15244374
2017-05-23,43.75690608,44.00819672,43.65745856,43.85822368,9157196
2017-05-24,43.85635359,43.90874317,43.11049724,43.26151316,8551563
2017-05-25,43.25966851,43.66010929,43.25966851,43.36096491,5441368
2017-05-26,42.76243094,43.31202186,42.4640884,42.91343202,8707219
2017-05-29,42.91160221,44.55519126,42.91160221,44.2560307,11970129
2017-05-31,44.55248619,44.95300546,44.10497238,44.15657895,11204824
2017-06-01,44.35359116,44.4557377,44.00552486,44.35548246,5374315
2017-06-02,44.10497238,44.50546448,44.05524862,44.05712719,5790240
2017-06-05,43.9558011,44.00819672,43.60773481,43.75877193,4633685
2017-06-06,43.70718232,44.0579235,43.65745856,43.80849781,4305823
2017-06-07,43.80662983,44.20710383,43.70718232,43.85822368,10876615
2017-06-08,44.05524862,44.20710383,43.85635359,43.90794956,3797975
2017-06-09,44.15469613,44.15737705,43.65745856,43.85822368,4514803
2017-06-12,43.60773481,43.85901639,43.45856354,43.46041667,3503497
2017-06-13,43.50828729,43.61038251,43.25966851,43.55986842,4200534
2017-06-14,43.70718232,43.70983607,43.40883978,43.51014254,2272754
2017-06-15,43.50828729,43.51092896,43.25966851,43.41069079,2886052
2017-06-16,43.50828729,43.66010929,43.40883978,43.6095943,2495594
2017-06-19,43.75690608,43.95846995,43.65745856,43.65932018,3076073
2017-06-20,43.65745856,43.75956284,43.50828729,43.6095943,2595626
2017-06-21,43.60773481,43.70983607,43.35911602,43.51014254,2956863
2017-06-22,43.35911602,43.70983607,43.30939227,43.31123904,3313175
2017-06-23,43.55801105,43.61038251,43.30939227,43.51014254,1691571
2017-06-26,43.75690608,43.75956284,43.40883978,43.6095943,1692769
2017-06-27,43.65745856,44.0579235,43.65745856,43.90794956,2417741
2017-06-28,43.90607735,44.00819672,43.55801105,43.90794956,2361528
2017-06-29,44.05524862,44.0579235,43.70718232,43.95767544,2793088
2017-06-30,43.85635359,43.85901639,43.40883978,43.70904605,2960890
2017-07-03,43.60773481,43.90874317,43.40883978,43.41069079,3565318
2017-07-04,43.35911602,43.61038251,42.8121547,43.01288377,4485717
2017-07-05,42.96132597,43.51092896,42.96132597,43.26151316,2462899
2017-07-06,43.40883978,43.66010929,43.25966851,43.55986842,2395005
2017-07-07,43.35911602,43.51092896,43.25966851,43.41069079,2026441
2017-07-10,43.60773481,43.85901639,43.40883978,43.85822368,2901298
2017-07-11,44.00552486,44.40601093,43.85635359,44.40520833,5081153
2017-07-12,44.70165746,44.75409836,44.10497238,44.45493421,3047394
2017-07-13,44.50276243,44.65464481,44.15469613,44.2560307,3919498
2017-07-14,44.40331492,44.40601093,44.25414365,44.40520833,2662772
2017-07-17,44.55248619,44.60491803,44.25414365,44.30575658,4072498
2017-07-18,44.40331492,44.40601093,44.25414365,44.35548246,2002890
2017-07-19,44.40331492,44.40601093,43.90607735,44.05712719,4690933
2017-07-20,44.25414365,44.2568306,43.80662983,43.85822368,3716992
2017-07-21,43.85635359,44.40601093,43.80662983,44.20630482,2786623
2017-07-24,44.25414365,44.30655738,44.10497238,44.2560307,2850032
2017-07-25,44.3038674,44.35628415,44.05524862,44.15657895,2228430
2017-07-26,44.15469613,44.30655738,44.05524862,44.2560307,4410052
2017-07-27,44.25414365,45.05245902,44.20441989,44.80301535,6015645
2017-07-28,44.6519337,44.90327869,44.40331492,44.85274123,4559330
2017-07-31,44.95027624,44.95300546,44.6519337,44.90246711,5463439
2017-08-01,44.70165746,44.95300546,44.70165746,44.80301535,5240010
2017-08-02,44.85082873,45.3010929,44.75138122,45.30027412,4840408
2017-08-03,45.44751381,45.64918033,45.24861878,45.25054825,3934689
2017-08-04,45.29834254,45.99726776,45.24861878,45.89698465,4828331
2017-08-07,45.89502762,46.14644809,45.44751381,45.89698465,3832362
2017-08-08,45.89502762,46.14644809,45.59668508,46.04616228,2937660
2017-08-09,45.74585635,45.99726776,45.54696133,45.89698465,3501006
2017-08-10,45.79558011,46.29562842,45.49723757,46.14561404,5109541
2017-08-11,45.24861878,45.35081967,44.15469613,44.35548246,15398818
2017-08-14,44.60220994,44.95300546,44.35359116,44.80301535,5613728
2017-08-15,45.04972376,45.25136612,44.6519337,44.85274123,5189469
2017-08-16,44.85082873,45.00273224,44.6519337,44.80301535,4429172
2017-08-17,44.85082873,45.54972678,44.80110497,45.39972588,5897746
2017-08-18,45.24861878,45.35081967,44.95027624,45.05164474,4164051
2017-08-21,44.95027624,45.35081967,44.95027624,45.10137061,3314090
2017-08-22,45.29834254,45.3010929,45.04972376,45.15109649,3291213
2017-08-24,45,45.5,45,45.35,3378425
2017-08-25,45.15,45.4,45.05,45.35,3308366
2017-08-28,45.6,45.6,45.1,45.4,2310057
2017-08-29,45.75,45.75,45.3,45.3,1658746
2017-08-30,45.5,45.5,45.2,45.2,3101767
2017-08-31,45.35,45.8,45.2,45.75,4758357
2017-09-01,45.75,46.25,45.5,46.25,11968752
2017-09-04,46.15,46.2,45.75,46,4895987
2017-09-05,46.1,46.1,45.5,45.75,2688287
2017-09-06,45.7,45.9,45.35,45.85,2968523
2017-09-07,46,46,45.6,45.85,2393214
2017-09-08,45.5,46,45.45,46,2792793
2017-09-11,46,46.5,45.9,46.5,5344933
2017-09-12,46.5,46.8,46.1,46.45,2507804
2017-09-13,46.5,46.5,46,46.1,2302504
2017-09-14,45.9,46.1,45.7,45.7,2735889
2017-09-15,45.65,46.05,45.55,46.05,2767866
2017-09-18,46.1,46.25,45.95,46.05,2231784
2017-09-19,46.5,46.5,45.9,45.95,1806941
2017-09-20,46,46,45.6,45.8,3204284
2017-09-21,45.7,45.85,45.6,45.6,2550642
2017-09-22,45.5,45.55,45.3,45.35,2862873
2017-09-25,45.3,45.6,45.25,45.4,2294651
2017-09-26,45.6,45.85,45.45,45.8,2743590
2017-09-27,45.8,45.8,45.5,45.65,1688104
2017-09-28,45.5,45.8,45.5,45.65,2175121
2017-09-29,45.8,45.8,45.2,45.6,2392970
2017-10-03,45.6,45.7,45.3,45.45,3332711
2017-10-04,45.65,46.05,45.4,45.45,2582973
2017-10-06,45.8,45.8,45.1,45.2,4567818
2017-10-09,45.05,45.4,45.05,45.15,2645859
2017-10-10,45.1,45.3,45.1,45.1,3631882
2017-10-11,45.55,45.65,45,45,3842281
2017-10-12,45.05,45.2,45,45,3871264
2017-10-13,44.85,45.15,44.8,45,3755851
2017-10-16,45,45.5,45,45.45,2360232
2017-10-17,45.5,45.5,45.15,45.3,1654457
2017-10-18,45.3,45.35,45,45.25,2191838
2017-10-19,45.3,45.3,44.8,44.95,2947236
2017-10-20,45,45.15,44.8,45.05,2519476
2017-10-23,45.1,45.1,44.65,45,1641369
2017-10-24,45,45.25,44.85,44.95,1790244
2017-10-25,44.95,45.2,44.9,45.1,1414044
2017-10-26,44.95,45.2,44.9,45.15,1520040
2017-10-27,45.15,45.2,44.9,45.15,1545746
2017-10-30,45.2,45.35,45,45.3,2783597
2017-10-31,45.15,45.3,45.1,45.2,1772007
